{"cameraMode":{"drawMode":0,"name":"Shaded","section":"Shading Mode"},"sceneLighting":false,"audioPlay":false,"sceneViewState":{"m_AlwaysRefresh":false,"showFog":true,"showSkybox":false,"showFlares":true,"showImageEffects":true,"showParticleSystems":true,"showVisualEffectGraphs":true,"m_FxEnabled":true},"in2DMode":false,"pivot":{"x":-0.36415889859199526,"y":0.29950153827667239,"z":-0.6401503086090088},"rotation":{"x":0.07427139580249787,"y":-0.6759516000747681,"z":0.06877581030130387,"w":0.7299625873565674},"size":1.3780491352081299,"orthographic":true}