{"cameraMode":{"drawMode":0,"name":"Shaded","section":"Shading Mode"},"sceneLighting":true,"audioPlay":false,"sceneViewState":{"m_AlwaysRefresh":false,"showFog":true,"showSkybox":true,"showFlares":true,"showImageEffects":true,"showParticleSystems":true,"showVisualEffectGraphs":true,"m_FxEnabled":false},"in2DMode":false,"pivot":{"x":9.438794136047364,"y":4.548128604888916,"z":26.173812866210939},"rotation":{"x":-0.16208983957767487,"y":0.005029860883951187,"z":-0.0008259289897978306,"w":-0.9867668747901917},"size":33.11086654663086,"orthographic":false}