{"cameraMode":{"drawMode":0,"name":"Shaded","section":"Shading Mode"},"sceneLighting":false,"audioPlay":false,"sceneViewState":{"m_AlwaysRefresh":false,"showFog":true,"showSkybox":false,"showFlares":true,"showImageEffects":true,"showParticleSystems":true,"showVisualEffectGraphs":true,"m_FxEnabled":true},"in2DMode":false,"pivot":{"x":-0.05318223312497139,"y":1.6488064527511597,"z":0.1442067176103592},"rotation":{"x":-0.009530293755233288,"y":0.49928492307662966,"z":-0.0054925414733588699,"w":-0.866373598575592},"size":2.4907009601593019,"orthographic":true}