{"cameraMode":{"drawMode":0,"name":"Shaded","section":"Shading Mode"},"sceneLighting":false,"audioPlay":false,"sceneViewState":{"m_AlwaysRefresh":false,"showFog":true,"showSkybox":false,"showFlares":true,"showImageEffects":true,"showParticleSystems":true,"showVisualEffectGraphs":true,"m_FxEnabled":true},"in2DMode":false,"pivot":{"x":3.054619789123535,"y":0.9001562595367432,"z":1.0739367008209229},"rotation":{"x":0.002493875799700618,"y":0.9901941418647766,"z":-0.13853034377098084,"w":0.01782543957233429},"size":4.180763244628906,"orthographic":false}