{"cameraMode":{"drawMode":0,"name":"Shaded","section":"Shading Mode"},"sceneLighting":false,"audioPlay":false,"sceneViewState":{"m_AlwaysRefresh":false,"showFog":true,"showSkybox":false,"showFlares":true,"showImageEffects":true,"showParticleSystems":true,"showVisualEffectGraphs":true,"m_FxEnabled":true},"in2DMode":false,"pivot":{"x":-0.0069828033447265629,"y":0.7226994633674622,"z":0.10997608304023743},"rotation":{"x":0.06950056552886963,"y":-0.7233050465583801,"z":0.07359350472688675,"w":0.6830691695213318},"size":2.384988784790039,"orthographic":true}